UniqueUserReference,QueryID,ModelAnswer,UserQuestion,Unnamed: 3,is_localizable_manual
4784,1,"Sources of food are the places where we get our food from. There are various sources of food, and they can be categorized into three main types: plants, animals, and processed foods.

Plants are a primary source of food. This includes fruits, vegetables, grains (like rice and wheat), nuts, and seeds. These foods provide us with important nutrients such as vitamins, minerals, and fiber. They can be grown in gardens, farms, or even in pots.

Animals also provide us with food. This includes meat (such as beef, poultry, and fish), eggs, milk, and dairy products. These foods are rich in protein, vitamins, and minerals. Animals can be raised on farms or caught in the wild.

Processed foods are foods that have been modified from their natural state. Examples include bread, pasta, canned fruits and vegetables, and packaged snacks. While these foods can be convenient, it's important to choose ones that are nutritious and not overly processed.

Teaching children about the sources of food can be done through various activities. For example, you can organize a field trip to a farm or a local grocery store to show them where different types of food come from. You can also have discussions about the importance of eating a variety of foods from different sources for a balanced diet.

It's worth noting that some communities may not have easy access to certain types of food sources. In such cases, it's important to raise awareness and explore ways to improve food accessibility, such as commun 

Msg 1 of 2: please send the word continue to recieve part 2",Sources of food,,1.0
5664,0,"The slave trade was a historical period when millions of African people were captured, transported, and enslaved by European nations between the 16th and 19th centuries. It is important to approach this topic with sensitivity and age-appropriate materials, as it involves discussing acts of oppression and human suffering.

To educate students about the slave trade, you can begin by providing a historical context and discussing the motivations behind it. Emphasize the importance of understanding actions in their historical context without justifying or condoning them.

When teaching about the slave trade, it is crucial to promote empathy and compassion. Encourage students to put themselves in the shoes of those who were enslaved and discuss the impact it had on individuals, families, and communities. This can be done through stories, literature, or even art projects that explore the experiences and emotions of enslaved people.

You might also discuss the resistance and abolition movements during this time, highlighting the efforts made by individuals and groups to end the slave trade. This can help students understand the importance of standing up against injustice and promoting equality.

While it is essential to provide accurate historical information, it is equally important to approach the topic in a way that is sensitive to students' emotional well-being. Offer support and create a safe space for students to express their thoughts and feelings. Encourage open dialogue and be prepared to answer any questions they may have.

As with any sensitive topic, it is advisable to collaborate with your school's curriculum guidelines and consult additional resources, such as textbooks, documentaries, or reputable educational websites, to ensure a comprehensive and age-appropriate approach to teaching about the slave trade.",Tell me about the slaves trade,,1.0
4842,2,"A school improvement plan is an important tool for enhancing education quality. It involves assessing the strengths and areas for growth in your school and creating strategies to address them. To develop an effective plan, consider the following steps:

1. Analyze Data: Gather and analyze data related to student performance, teacher effectiveness, and school climate. This can include test scores, attendance records, and surveys.

2. Set Goals: Based on the data, set specific, measurable, achievable, relevant, and time-bound (SMART) goals for your school. These goals should address areas of improvement and align with your school's mission and vision.

3. Identify Strategies: Determine the strategies and initiatives that will help you achieve your goals. These can include professional development for teachers, curriculum enhancements, and targeted interventions for struggling students.

4. Allocate Resources: Determine the resources needed to implement your strategies effectively. This includes financial resources, staffing, and materials. Ensure that your plan considers the availability of resources in your school.

5. Implementation: Create an action plan outlining the steps, responsibilities, and timelines for implementing your strategies. Involve all stakeholders, including teachers, administrators, students, and parents, in the implementation process.

6. Monitor and Evaluate: Regularly monitor and evaluate the progress of your plan. Use data and feedback from stakeholders 

Msg 1 of 2: please send the word continue to recieve part 2",School improvement plan,,1.0
4724,2,"Certainly! Here's a lesson plan on the functions of government:

Objective: Students will understand the various functions of government and how they impact daily life.

Grade Level: Middle School (6th-8th grade)

Materials:
- Whiteboard or chart paper
- Markers or chalk
- Handout or worksheet with questions (optional)

Procedure:

1. Introduction (5 minutes):
   - Begin by engaging the students in a discussion about what they think the functions of government are. Write down their responses on the board or chart paper.
   - Clarify any misconceptions and provide a brief overview of the different functions of government.

2. Group Activity - Function Sort (15 minutes):
   - Divide the students into small groups.
   - Provide each group with a set of function cards (created in advance). Each card should have one function of government listed.
   - In their groups, students should sort the function cards into categories such as ""Maintaining Law and Order,"" ""Providing Public Services,"" ""Protecting Individual Rights,"" and ""Managing the Economy.""
   - After sorting, have each group share their categories with the class and explain their reasoning.

3. Class Discussion: Functions in Everyday Life (10 minutes):
   - Facilitate a class discussion on how the functions of government impact their daily lives.
   - Ask students to provide examples of how government maintains law and order, such as through the police or court systems. Encourage students to share personal experiences or ob 

Msg 1 of 2: please send the word continue to recieve part 2",Suggest a lesson plan on functions of government,,1.0
3972,2,"I understand that you're looking for a hand writing lesson note for your class of second graders. While I'm unable to provide a specific pre-made lesson note, I can guide you on how you can create one yourself.

Here's a simple outline for a hand writing lesson note for class 2 pupils:

1. Introduction:
   - Begin by explaining the importance of good handwriting skills.
   - Discuss how handwriting helps with communication and neatness.

2. Warm-up activity:
   - Start the lesson with a fun activity to warm up your students' hands and fingers.
   - This could be finger exercises or finger painting.

3. Pencil grip and posture:
   - Teach your students the correct way to hold their pencils, using a tripod grip.
   - Show them the proper posture for sitting while writing.

4. Uppercase and lowercase letters:
   - Introduce one or two uppercase and lowercase letters at a time.
   - Demonstrate the correct formation of the letters, including starting points and stroke sequence.
   - Provide examples and encourage students to practice writing these letters.

5. Word and sentence formation:
   - Once students are comfortable with individual letters, move on to forming simple words and sentences.
   - Use age-appropriate words and short sentences for practice.
   - Emphasize proper spacing between words and clear letter formation.

6. Practice activities:
   - Engage students in various handwriting practice activities.
   - Use worksheets with traceable letters and words, or provide 

Msg 1 of 2: please send the word continue to recieve part 2",Pepper hand writing lesson note for class 2 pupils,,1.0
4113,0,"Controlling a large class can be challenging, but with the right strategies, you can create a positive learning environment for all students. Here are some tips to help you manage a large class:

1. Establish clear expectations: Set clear rules and expectations from the beginning of the school year. Ensure that students understand what behaviors are acceptable and what consequences may arise from disruptive behavior.

2. Use proactive classroom management techniques: Implement strategies such as giving individual attention, using positive reinforcement, and providing engaging activities to keep students focused and motivated.

3. Classroom organization: Organize your classroom in a way that allows for smooth transitions and easy movement. Clearly label materials and create designated areas for different activities to minimize disruptions.

4. Differentiated instruction: Cater to the diverse needs of your students by providing instruction that is tailored to their individual abilities and learning styles. This can involve using a variety of teaching methods, incorporating hands-on activities, and providing additional support for struggling students.

5. Utilize effective time management: Plan your lessons in advance, ensuring that they are structured and engaging. Use time efficiently by setting clear time limits for activities and transitions.

6. Foster a positive classroom community: Encourage a supportive and inclusive classroom environment where students respect and value 

Msg 1 of 2: please send the word continue to recieve part 2",How to control large class,,1.0
4723,1,"To tackle student absence in school, there are several strategies that can be effective:

1. Establish clear expectations: Communicate the importance of regular attendance to students and their families. Emphasize how attendance is linked to academic success and encourage them to prioritize attendance.

2. Build positive relationships: Create a supportive classroom environment where students feel valued and connected. Establish meaningful connections with students and show genuine interest in their well-being. This can foster a sense of belonging and motivate them to come to school.

3. Provide engaging and relevant learning experiences: Design lessons that capture students' interest and make learning meaningful. Use a variety of instructional methods to accommodate diverse learning styles and promote active participation.

4. Address individual needs: Identify and address any potential barriers that might contribute to student absence. This could involve collaborating with support staff, counselors, or administrators to provide necessary resources, interventions, or accommodations.

5. Foster a partnership with families: Involve parents and guardians in their child's education by maintaining regular communication. Share updates on attendance, progress, and any concerns. Engage families in goal-setting and problem-solving to promote a shared responsibility for attendance.

6. Celebrate attendance milestones: Recognize and celebrate students who consistently attend school. Thi 

Msg 1 of 2: please send the word continue to recieve part 2",Suggest ways to tackle student absence in school,,1.0
4687,6,"Certainly! The Trans-Saharan trade refers to the exchange of goods and ideas across the vast Sahara Desert in Africa. It was an important economic network that connected various regions of Africa with the Mediterranean world and beyond.

The trade routes stretched from the coast of North Africa, such as Morocco and Tunisia, down through the Sahara Desert and into the kingdoms and empires of West Africa, like Ghana, Mali, and Songhai. These kingdoms and empires were rich in resources such as gold, salt, ivory, and slaves, which were highly valued by traders from the Mediterranean region.

Camels played a crucial role in facilitating and sustaining the Trans-Saharan trade. Their ability to traverse long distances without water made them ideal for transporting goods across the desert. Caravans of camels would travel in groups, guided by experienced traders who navigated using landmarks and knowledge of the terrain.

The trade was not limited to material goods. Ideas, religions, and cultural practices were also exchanged along the routes. Islam, for example, spread across West Africa through the interactions between Arab traders and the local populations.

The Trans-Saharan trade had a significant impact on the economies, cultures, and political structures of the regions involved. It contributed to the growth of prosperous African kingdoms, promoted cultural diversity, and facilitated cross-cultural interactions.

When teaching about the Trans-Saharan trade, it can be beneficial  

Msg 1 of 2: please send the word continue to recieve part 2",Historical back ground of the Trans saharan trade,,1.0
3978,1,"Vocabulary refers to the words and terms that make up a language. It is the collection of words that we use to communicate and understand each other. Building a strong vocabulary is essential for effective communication and comprehension. In the classroom, vocabulary instruction involves teaching students new words, their meanings, and how to use them in different contexts. This can be done through various strategies such as reading, writing, discussing, and practicing using words in different sentences. It's important to help students make connections between new words and their prior knowledge, as well as provide ample opportunities for them to actively engage with and apply their vocabulary knowledge. Encouraging students to read widely, engage in conversations, and explore word meanings through activities like word games and vocabulary journals can also be beneficial. Remember, the goal is to empower students with a rich collection of words to express their thoughts and ideas effectively.",What is Vacabulary,,1.0
3517,7,"When addressing weak foundational literacy and numeracy, it's important to focus on both areas simultaneously. However, if you need to prioritize, it's often beneficial to start with foundational literacy skills. Literacy skills form the basis for many other subjects and are crucial for comprehension and communication.

To address weak foundational literacy, you can consider incorporating phonics-based instruction. This approach emphasizes the relationship between sounds and letters, helping students develop strong decoding and reading skills. You can use activities such as phonics games, word blending exercises, and guided reading to reinforce these skills.

Additionally, providing ample opportunities for reading and writing practice is essential. Encourage students to engage with a variety of texts, both fiction and non-fiction, to develop reading fluency and comprehension. Incorporate writing tasks that allow students to practice their grammar, vocabulary, and sentence structure.

As for weak foundational numeracy, a similar approach can be taken. Start with basic number sense skills such as understanding quantities, counting, and recognizing number patterns. Incorporate hands-on activities, manipulatives, and real-life examples to make mathematical concepts more tangible for students.

Mathematical problem-solving and reasoning skills are also crucial in addressing weak numeracy. Encourage students to think critically and apply mathematical concepts to real-life situation 

Msg 1 of 2: please send the word continue to recieve part 2",Where should our attention be first in addressing weak foundational Literacy and Numeracy?,,1.0
4109,5,"When faced with a situation where students are fighting over money that doesn't belong to them, it's important to address the issue calmly and assertively. Here are a few steps you can take to manage such conflicts in the classroom:

1. Stay calm: It's important to remain composed and not let your own emotions escalate the situation. Take a deep breath and maintain a neutral tone while addressing the issue.

2. Separate the students: If the conflict is happening in the heat of the moment, it might be helpful to physically separate the students involved. Move them to different parts of the classroom to create a safe space and prevent further arguments.

3. Gather information: Talk to each student individually to understand their perspectives and gather information about what happened. Listen attentively and remain neutral to get a clear picture of the situation.

4. Reinforce rules and values: Remind students of the rules and values in the classroom, emphasizing the importance of respect, sharing, and empathy. Reinforce that fighting over money or possessions is not acceptable behavior.

5. Facilitate problem-solving: Encourage students to find solutions together. Ask them open-ended questions that promote empathy and problem-solving skills. For example, ""How do you think this situation can be resolved so that everyone feels treated fairly?""

6. Mediation and support: If necessary, act as a mediator to guide the conversation between the students involved. Offer suggestions, en 

Msg 1 of 2: please send the word continue to recieve part 2",Thanks my dear I want you to please let me know how are can manage classroom when teaching or when children are Fighting for money when the one is not the owner of the money,,1.0
5090,1,"Hello! I'd be happy to help you with a lesson note on the female reproductive system. Here's a basic outline that you can use as a starting point:

1. Introduction:
   - Begin by explaining the importance of understanding the female reproductive system.
   - Emphasize the significance of reproductive health and how it relates to overall well-being.

2. Anatomy of the Female Reproductive System:
   - Introduce and describe the main organs of the female reproductive system, such as the ovaries, fallopian tubes, uterus, and vagina.
   - Explain the functions of each organ and their roles in the reproductive process.
   - Feel free to use visual aids, diagrams, or models to help students visualize the structures.

3. Menstrual Cycle:
   - Discuss the menstrual cycle and its stages, including menstruation, the follicular phase, ovulation, and the luteal phase.
   - Explain the hormonal changes that occur during each phase and how they contribute to the reproductive process.
   - Highlight the importance of regular menstrual cycles and address common misconceptions or concerns.

4. Fertilization and Pregnancy:
   - Explain how fertilization occurs when a sperm fertilizes an egg in the fallopian tube.
   - Discuss the development of a fertilized egg into an embryo and eventually a fetus.
   - Touch upon the role of the uterus as the site of implantation and development during pregnancy.

5. Reproductive Health and Care:
   - Discuss the importance of maintaining reproductive health  

Msg 1 of 2: please send the word continue to recieve part 2",Lesson note on female reproductive system,,1.0
4669,1,"I would be happy to assist you with a lesson plan on the topic of public opinion in Government. Here is a suggested outline for your lesson plan:

1. Introduction to public opinion:
   - Start by defining public opinion as the views, attitudes, and beliefs held by the general population on issues that affect them.
   - Discuss the importance of public opinion in democratic societies and how it influences government decisions.

2. Factors influencing public opinion:
   - Explore the various factors that shape public opinion, such as media, family, peers, and personal experiences.
   - Encourage students to think critically about how these factors can influence their own opinions and perspectives.

3. Methods of measuring public opinion:
   - Introduce different methods used to gather public opinion data, including surveys, polls, and focus groups.
   - Discuss the strengths and limitations of each method and emphasize the importance of unbiased data collection.

4. Analyzing public opinion:
   - Teach students how to interpret and analyze public opinion data by examining trends, patterns, and demographics.
   - Provide examples of how public opinion can impact policy-making and political campaigns.

5. Engaging with public opinion:
   - Foster a classroom discussion on ways individuals can participate in shaping public opinion, such as through peaceful protests, voting, or writing to elected representatives.
   - Encourage students to develop critical thinking skills and consi 

Msg 1 of 2: please send the word continue to recieve part 2",I want u to reproduce the lesson plan for Government on the topic public opinion,,1.0
3983,1,"Hello! Teaching about methods of food preservation can be a fascinating topic for students. There are several methods you can explore with your students:

1. Canning: This involves sealing food in jars or cans after heating them to high temperatures. It helps to kill harmful bacteria and prevent spoilage. You can demonstrate the process using simple ingredients like fruits or vegetables and jars.

2. Freezing: Freezing food slows down the growth of bacteria, yeast, and molds. Explain to your students the importance of freezing food at the right temperature and how it helps to preserve its freshness. You can even have a hands-on activity where students can freeze small portions of fruits or vegetables.

3. Drying: This method removes moisture from food, which prevents the growth of bacteria and mold. Teach your students about sun drying, air drying, and using dehydrators. You can have a demonstration where students can dry herbs or fruits.

4. Fermentation: Fermenting food involves using microorganisms like bacteria or yeast to convert sugars into acids, alcohol, or gases. This process preserves food and adds unique flavors. You can show your students how to make sauerkraut, pickles, or yogurt.

5. Salting: Salt acts as a preservative by drawing out moisture from food and inhibiting the growth of bacteria. Teach your students about the history of salt preservation and its role in preserving foods like fish or meat.

Remember, when teaching about food preservation, it's crucial 

Msg 1 of 2: please send the word continue to recieve part 2",I want to teach about method of food preservation,,1.0
81,0,"When it comes to teaching Numeracy well in class, it is important to try and use practical examples that relate to the students‚Äô everyday lives. This can help to increase engagement and understanding. Games and group activities can also help to maintain interest and participation. Try to use a range of resources such as textbooks, interactive whiteboards, and even online resources if available.

It is also important to have clear objectives for each lesson and to make sure students have a good grasp of basic mathematical concepts before moving onto more complex lessons. Reinforcement is key, so try to build on previous lessons and review concepts regularly.

Another effective approach is to use manipulatives such as blocks or counting cubes to help students develop a better sense of numbers and calculations. The use of real-world problems that the students can relate to can also be a great way to put these concepts into context.

Finally, it is important to foster a growth mindset that encourages persistence and effort in the face of challenge, as this can help students develop greater confidence and resilience in their mathematical abilities.",How best one can teach Numeracy well in class?,,1.0
4046,1,"Dear Principal,

I hope this letter finds you well. As a teacher here at our school, I wanted to bring to your attention some areas where we feel our school is experiencing underdevelopment. It is my belief that by addressing these issues, we can work together to create a better learning environment for our students. I would like to propose three solutions to address these concerns:

1. Enhancing Infrastructure: Our school is in need of improvements to the physical infrastructure. This includes repairing and maintaining the classrooms, restrooms, and other facilities. Additionally, we could explore the possibility of creating new spaces, such as a library or a science lab, to further enrich our students' educational experiences. By investing in our infrastructure, we can provide a more conducive learning environment.

2. Professional Development Opportunities: One key aspect of a successful school is the professional growth of its teachers. I suggest providing regular professional development sessions, where teachers can learn new teaching strategies and stay updated on the latest educational trends. This will empower our teachers to deliver high-quality instruction and help them strive for continued excellence.

3. Strengthening Community Engagement: Building strong relationships with students and their families is crucial for the holistic development of our students. I propose organizing regular community engagement activities, such as parent-teacher conferences, open house 

Msg 1 of 2: please send the word continue to recieve part 2",As a teacher of the school write a letter to the principal of the school inform him about the under development of the school at least with three solutions for the under development of the school,,1.0
5076,1,"I'm sorry, but I am here to provide assistance with primary and secondary education-related topics. If you have any questions or concerns about teaching strategies, curriculum, or classroom management, I'd be more than happy to help. Is there anything specific you would like assistance with in the context of education?",How can a young pregnant woman born a healthy child?,,1.0
3494,0,"There are numerous literacy activities you can use to teach class three learners. Here are five examples:

1. Reading aloud ‚Äì start by reading aloud to students, and gradually ask them to read some of the words. It helps improve their vocabulary and understanding of language, and it's perfect for comprehension exercises.

2. Phonics ‚Äì use games and activities to teach students the sounds different letters make and how to blend them into words. It's a critical skill for reading and helps with writing too.

3. Shared writing ‚Äì encourage students to take turns writing a sentence or two on the board or paper. It helps them learn about sentence formation, grammar, and language structures.

4. Sight word games ‚Äì play games that involve memorizing and recognizing commonly used words. It helps with fluency, and students learn to recognize words without having to sound them out.

5. Word families ‚Äì teach students to recognize the patterns in groups of words by using word families. It helps with spelling and encourages them to think about words and how they are constructed.

These activities can be adapted to suit the students' needs and interests, and they require few resources, making them ideal for a variety of classroom settings.",Suggest five activities to help teach literacy for class three learners,,1.0
5168,1,"Certainly! Here are some activities for teaching single-digit addition to Class 3 students:

1. Manipulatives: Provide students with physical objects, such as counters or cubes, to represent the numbers. Have them practice combining the objects to find the sum. For example, if they have 3 counters and add 4 more, they can physically count all the objects to find the answer.

2. Number Lines: Draw a number line on the board or provide individual number lines for students. Show them how to start at the first number and count forward the second number of spaces. For example, if they are adding 3 + 2, they start at 3 and count 2 spaces forward to land on 5.

3. Word Problems: Create simple word problems that involve single-digit addition. For instance, ""Jenny had 2 apples and her friend gave her 4 more. How many apples does she have now?"" Encourage students to use drawings or manipulatives to help them solve the problems.

4. Math Games: Engage students in interactive math games that involve single-digit addition. They can play games like ""Roll and Add,"" where they roll a dice, collect that number of counters, and keep adding to find the total.

5. Worksheets and Online Resources: Utilize worksheets or online platforms that provide practice exercises for single-digit addition. These materials often include visually appealing pictures and simple equations to engage students in a structured practice.

Remember to provide opportunities for students to verbalize their thinking proces 

Msg 1 of 2: please send the word continue to recieve part 2",Activities of adding single digit number for class 3,,1.0
102,1,"For carousel activities in Class One, consider using materials that are engaging and interactive. You can use picture cards, word charts, flashcards, or storybooks. Be sure to focus on foundational literacy and numeracy skills. Try to incorporate phonics-based instruction to help students learn to read and write. You can use games, puzzles, and hands-on activities to make learning fun. Keep in mind that not all teachers have access to technological resources, so using low-tech materials is essential. Remember to keep it simple and age-appropriate.",I want carousel materials for Class one children,,1.0
5121,0,"To write a letter of request for a police man, you can follow these steps:

1. Start with a polite and respectful salutation, such as ""Dear Officer"" or ""To Whom It May Concern.""

2. Introduce yourself and provide some background information, including your name, your role as a teacher, and the purpose of the letter. For example, you can explain that you are a teacher at [school name] and you are writing to request a police officer to visit your school for an educational event or to talk to your students about safety.

3. Clearly state the date and time you would like the police man to visit your school. It's helpful to offer options, in case their availability is limited.

4. Explain the activities or topics you would like the police man to cover during the visit. Be specific and include any relevant details. For instance, if you want them to give a presentation on traffic safety, cyberbullying, or community policing, mention it in the letter.

5. Express your gratitude and appreciation for their time and willingness to support your school community. Let them know that their presence and knowledge will have a positive impact on the students.

6. Provide your contact information, including your name, position, phone number, and email address. This allows the police man to reach out to you if they need any additional information or have questions.

7. Close the letter with a polite closing, such as ""Sincerely"" or ""Thank you,"" followed by your name and signature.

Remember to pr 

Msg 1 of 2: please send the word continue to recieve part 2",How to write a letter of request for police man,,1.0
5120,0,"Certainly! The arrival of the later settlers in Sierra Leone is an interesting topic. When discussing this with students, it's important to provide them with a clear understanding of the historical context and the reasons for the settlement.

You can start by discussing the earlier settlement in Sierra Leone by the British in 1787, known as the ""Province of Freedom."" This settlement was established for freed African-Americans and Black Loyalists who had fought for the British during the American Revolutionary War.

Then, you can introduce the later settlers who arrived in Sierra Leone. These settlers were freed slaves from various parts of West Africa and the Caribbean. They were seeking refuge and a chance to build a new life in a free and supportive community.

To engage your students, you could use various teaching strategies. For example, you could show them maps or images of Sierra Leone during that time period. This visual aid can help students visualize the location and understand the significance of the settlement.

Additionally, you could encourage class discussions where students can share their thoughts and ask questions about the experiences of the settlers. This creates an inclusive and interactive learning environment.

Furthermore, you could incorporate primary source materials such as diary entries or letters from the settlers to provide a personal perspective on their journey and experiences. This can help students connect with the settlers on a deeper level. 

Msg 1 of 2: please send the word continue to recieve part 2",can you help me with the arrival of the later settlers in Sierra Leone,,1.0
4740,1,"When teaching mathematics for senior secondary school, it's important to follow a structured approach to ensure students build a strong foundation and develop problem-solving skills. Here are some steps that can guide your teaching:

1. Assess prior knowledge: Begin by assessing students' prior knowledge to understand their strengths and areas needing improvement. This will help you tailor your instruction to meet their individual needs.

2. Set clear objectives: Clearly define the learning objectives for each lesson or unit. Communicate these objectives to students, ensuring they understand what they'll be learning and why it's important.

3. Provide conceptual understanding: Focus on developing students' conceptual understanding of mathematical concepts, rather than relying solely on procedural knowledge. Encourage students to explore and understand the underlying principles behind mathematical ideas.

4. Use real-world examples: Relate mathematical concepts to real-world applications to make them more meaningful and relatable. For instance, when teaching fractions, use examples involving measurements or geometry, such as dividing a pizza into equal parts.

5. Engage in problem-solving activities: Integrate problem-solving activities into your lessons to develop critical thinking and analytical skills. Encourage students to apply their knowledge to solve real-life problems, both individually and collaboratively.

6. Differentiate instruction: Recognize that students have di 

Msg 1 of 2: please send the word continue to recieve part 2",What are the steps were to use in teaching mathematics for senior secondary school,,1.0
4154,1,"Teaching a class of third graders can be an exciting and rewarding experience! Here are a few tips to help you effectively teach your class:

1. Create a Positive Learning Environment: Foster a welcoming and inclusive classroom where students feel valued and safe. Encourage active participation, collaboration, and respect among students. Positive relationships and a supportive atmosphere are important for effective learning.

2. Set Clear Learning Goals: Establish clear objectives for each lesson or unit. Communicate these goals to your students, so they understand what they will be learning and why it is important. This helps provide a sense of purpose and direction in their learning journey.

3. Use a Variety of Teaching Strategies: Diversify your teaching methods to cater to different learning preferences. Incorporate hands-on activities, group discussions, visual aids, and technology when available. Varying your instructional approaches keeps students engaged and helps reinforce learning.

4. Incorporate Real-World Connections: Relate the content to real-life experiences and situations that are relevant to your students. This helps them see the practical applications of what they are learning and fosters their curiosity and engagement.

5. Differentiate Instruction: Recognize that students have different abilities and learning styles. Adapt your teaching strategies to meet the diverse needs of your students. Provide additional support or challenge opportunities when neces 

Msg 1 of 2: please send the word continue to recieve part 2",Please help me how teach class 3,,1.0
4047,1,"To teach word problems to Grade 3 learners, you can use various activities that engage their thinking and problem-solving skills. Here are a few ideas:

1. Real-life scenarios: Create word problems based on everyday situations, such as shopping or sharing objects, to help students relate to the problems and understand their relevance.

2. Visual representations: Use drawings, diagrams, or manipulatives to help students visualize the problem and better understand the problem-solving process.

3. Group discussions: Encourage students to discuss and solve word problems in pairs or small groups. This promotes collaborative learning and allows them to share their strategies and reasoning.

4. Model problem-solving strategies: Teach students different problem-solving strategies, such as drawing a picture, making a table, or using number sentences. Demonstrate how these strategies can be applied to solve word problems.

5. Real-world applications: Connect word problems to real-life situations that are meaningful to the students. For example, you can use examples related to their community or environment to make the problems more relatable.

Remember to provide ample practice opportunities for students to apply their problem-solving skills. Adapt the activities to suit the resources available in your classroom, and always monitor and provide feedback to support their learning journey.",Activities to teach word problems for grade 3 learners,,1.0
5564,1,"Teaching numeracy to class five students can be done effectively through these approaches:

1. **Basic Operations**: Practice addition, subtraction, multiplication, and division using real-life examples like shopping or sharing items.

2. **Problem-solving**: Encourage students to solve word problems that involve mathematical concepts, such as fractions or decimals.

3. **Math Games**: Use games and activities to make learning fun and engaging, like card games for practicing multiplication tables.

4. **Math Manipulatives**: Utilize physical objects like blocks or counting beads to help visualize math concepts and make them more concrete.

5. **Group Work**: Allow students to work together on math problems to encourage discussion and collaborative learning.

By incorporating these strategies into your teaching, you can help class five students develop a strong foundation in numeracy skills.",How to teach numeracy in class five,,1.0
5067,1,"I'm sorry, but as an AI assistant designed to assist with primary and secondary education, I'm unable to help you with a dissertation topic on the impact of interest rates on the demand for credit among microfinance beneficiaries. This requires a more in-depth and specialized knowledge that is beyond the scope of my capabilities. I would recommend reaching out to your university or academic advisor for guidance on this topic. They will have the expertise and resources to assist you in selecting an appropriate dissertation topic and provide you with the necessary guidance and support throughout your research process.",Dissertation on the the topic the impact of interest rates on the demand for credit among microfinance beneficiaries,,1.0
110,0,"Managing behaviour in the classroom is key to creating a positive learning environment for your students. Here are some tips that can help:

1. Set clear expectations and consequences: Make sure your students know what is expected of them and what the consequences will be if they do not follow the rules.

2. Be consistent: Consistency is key when it comes to behaviour management. Make sure you consistently enforce rules and consequences.

3. Build positive relationships with your students: When students feel valued and respected, they are more likely to behave well. Take time to build positive relationships with your students, and show them that you care about them as individuals.

4. Use positive reinforcement: Praise and reward good behaviour to encourage more of it.

5. Use non-verbal cues: Sometimes a simple look or gesture can communicate more effectively than words. Use non-verbal cues to communicate your expectations and to redirect off-task behaviour.

6. Stay calm: It can be difficult to stay calm in a heated situation, but it is important not to let your emotions get the best of you. Stay calm and use a calm tone of voice to manage behaviour.

7. Use restorative practices: Instead of simply punishing bad behaviour, use restorative practices to help students understand the impact of their actions and to help repair relationships.

These strategies can be applied in a variety of classroom situations and can help to promote positive behaviour and a positive learning environment for all students.",How to manage behaviour in the classroom,,1.0
81,1,"Phonics based strategies can be effective at upper primary school when it comes to teaching reading and comprehension skills. Here are some suggestions that can be used in the classroom:

1. Use decodable texts that feature the same phonetic patterns that students are being taught.

2. Encourage students to decode new words phonetically, rather than just memorizing them.

3. Test students regularly on a set of high-frequency words, such as sight words or words commonly used in a given subject matter.

4. Use targeted interventions to ensure students that struggle with phonics continue to receive support.

5. Use structured and explicit phonics instruction that devotes sufficient time to each sound and how it is represented in the written language.

6. Encourage students to practice their phonemic awareness skills by engaging in word-building activities.

7. Incorporate creative writing exercises as it helps students to put their knowledge of phonics into practice.

It is important to introduce a phonics-based curriculum and resources that are evidence-based and have been tried and tested, including the use of decodable texts and direct instruction.",What are some of the phonics based strategies that can be used in upper primary school to effectively teach and reinforce reading and comprehension skills,,1.0
4738,0,"Sure! I can help you with a lesson plan on the topic of the Trans Atlantic Slave Trade. Here's a general outline that you can adapt to suit your students' needs:

1. Introduction:
   a. Begin by discussing the concept of slavery and ask students what they know about it.
   b. Explain that the Trans Atlantic Slave Trade was a significant historical event that involved the forced migration of millions of Africans to the Americas.
   c. Show a map highlighting the regions involved in the slave trade.

2. Historical Context:
   a. Provide a brief overview of the reasons behind the slave trade, such as economic, social, and political factors.
   b. Explain the triangular trade route and how slaves were captured, transported, and sold.

3. Impact on Africa:
   a. Discuss the negative effects on African societies, such as the loss of population, disruption of communities, and economic exploitation.
   b. Highlight the resistance efforts made by Africans against the slave trade.

4. Middle Passage:
   a. Explain the conditions and experiences of enslaved Africans during the Middle Passage, including the harsh treatments and high mortality rates.
   b. Use primary source accounts or visual materials to engage students and help them empathize with the enslaved Africans.

5. Life of Enslaved Africans:
   a. Discuss the different aspects of enslaved Africans' lives, such as their work, living conditions, and cultural expressions in the Americas.
   b. Share stories or personal accounts o 

Msg 1 of 2: please send the word continue to recieve part 2",Can you please help me with a good Lesson plan on the topic Trans Atlantic slave Trade,,1.0
5614,2,"When teaching addition to sixth-grade students, you can use a variety of approaches to make it engaging and effective. Here are some practical tips:

1. Start with a review of basic addition facts to build a strong foundation.
2. Use real-life examples and word problems to show the relevance of addition in everyday situations.
3. Incorporate hands-on activities like using manipulatives or interactive games to reinforce addition concepts.
4. Teach different addition strategies such as regrouping (carrying) and estimating to help students solve problems efficiently.
5. Encourage peer collaboration through partner or group work to foster a supportive learning environment.
6. Provide regular opportunities for practice and reinforcement to ensure mastery of addition skills.
7. Offer challenges or extension activities for students who grasp addition concepts quickly to keep them motivated and engaged.

By incorporating these strategies, you can help your sixth-grade students develop a strong understanding of addition and enhance their mathematical skills.",How to teach addition in grade 6,,1.0
5123,1,"Hello! I'd be happy to help you create a story about Kelfalah Bangura who lives in Campbelltown. Stories are a wonderful way to engage students and develop their literacy skills. 

To create an engaging story, it's important to consider the elements of a good narrative. This includes having a clear beginning, middle, and end, as well as interesting characters, an engaging plot, and a meaningful message or theme.

Here's a simple outline for a story about Kelfalah Bangura:

Beginning: Introduce Kelfalah Bangura as a curious and adventurous young boy living in Campbelltown. Highlight his interests and dreams, setting the stage for the rest of the story.

Middle: Describe an exciting event or challenge that Kelfalah encounters. This could be a mysterious discovery, a problem to solve, or an adventure he embarks on. Along the way, describe how Kelfalah uses his knowledge, skills, and determination to overcome obstacles and learn valuable lessons.

End: Conclude the story by highlighting the positive outcome of Kelfalah's journey. Emphasize the character growth, new knowledge, or important values that he acquires throughout the story. This will leave the readers or listeners with a sense of closure and a meaningful message to take away.

Remember to use descriptive language, engaging dialogue, and age-appropriate vocabulary in your story. This will help captivate your students' imaginations and enhance their understanding and enjoyment of the story.

I encourage you to involve you 

Msg 1 of 2: please send the word continue to recieve part 2",I want you to assist me with a story about kelfalah Bangura who live at Campbell town,,1.0
3539,0,"Managing poor behavior in school can be challenging but there are strategies that can help. One effective approach is positive behavior reinforcement, which involves providing positive feedback and rewards for good behavior rather than just punishing bad behavior. Additionally, clear expectations for behavior can be helpful along with consistent consequences for poor behavior. It's important to address behavior issues early on before they escalate and to involve parents and guardians in the process. Another strategy is to provide a supportive and structured classroom environment where students feel safe and engaged in their learning. Remember that every student is unique and may require individualized support and intervention to address their behavior.",How can you manage poor behaviors in school?,,1.0
4838,2,"Dear [Sister's Name],

I hope this letter finds you well. I have heard that you are considering dropping out of school, and I wanted to share some thoughts with you. I understand that you may be facing challenges or feeling discouraged, but it's important to consider the potential problems that may arise if you decide to leave school prematurely.

First and foremost, by dropping out of school, you may limit your future career opportunities. Many jobs nowadays require a certain level of education, and without a high school diploma or further education, you may find it difficult to pursue your desired career path. Completing your education opens doors to a wider range of job prospects and provides a solid foundation for your future success.

Education also plays a crucial role in developing essential skills that are valuable in various aspects of life. It helps improve your critical thinking, problem-solving, and communication skills, which are necessary for navigating the challenges that arise in both personal and professional situations. By continuing your education, you enhance your ability to adapt to changes, think creatively, and make informed decisions.

Furthermore, completing your education can have a positive impact on your overall well-being and quality of life. Studies have shown that individuals with higher levels of education tend to have better health outcomes, higher earning potential, and more opportunities for personal growth and self-fulfillment. Education ca 

Msg 1 of 2: please send the word continue to recieve part 2",Write a letter to your sister who lives in another town that is about to drop out of school tell her the problems she will face if she decided to drop out of school,,1.0
5086,0,"Managing a classroom effectively is essential for creating a positive and productive learning environment. Here are some practical tips:

1. Establish clear expectations: Clearly communicate your expectations for behavior, participation, and academic performance from the beginning. This helps set a foundation for a respectful and focused classroom.

2. Build positive relationships: Foster a sense of community and trust among your students. Take the time to get to know them individually, show interest in their lives, and be approachable. This can help create a supportive and inclusive classroom environment.

3. Maintain a structured routine: Develop a consistent daily routine that includes regular transitions and a predictable schedule. This helps students feel more secure and enables them to understand what to expect throughout the day.

4. Use varied instructional strategies: Incorporate a variety of teaching methods to accommodate different learning preferences and engage all students. This could include group work, individual tasks, hands-on activities, and multimedia resources. Strive for a balance between teacher-led instruction and student-centered activities.

5. Implement effective classroom management techniques: Utilize strategies such as behavior charts, positive reinforcement, and logical consequences to encourage positive behavior and address any disruptions. Consistency is key when enforcing rules and addressing inappropriate behavior.

6. Encourage active parti 

Msg 1 of 2: please send the word continue to recieve part 2",How to manage a classroom?,,1.0
5615,3,"Sure, to create questions on Home Economics for JSS 1 and JSS 2 students, you can consider topics like basic cooking methods, food hygiene, kitchen safety, sewing skills, and personal finance. Here are some sample questions:

1. What are the five main food groups and why is it important to have a balanced diet?
2. Describe the steps involved in washing dishes properly to ensure food hygiene.
3. Why is it important to follow safety rules when using kitchen appliances?
4. Explain the process of sewing on a button. Why is this skill useful in daily life?
5. Discuss the importance of budgeting and saving money for personal financial management.

These questions can help engage students and assess their understanding of fundamental concepts in Home Economics. Feel free to adapt them to suit the specific learning objectives of your lessons.","Help me have questions on Home Economics for JSS 1 ,2",,1.0
5621,1,"To teach literacy and numeracy effectively, you can combine different strategies to support your students' learning. Here are some practical examples you can use in the classroom:

1. For literacy, focus on phonics-based instruction to help students understand the relationship between sounds and letters. Encourage students to practice reading aloud and decoding words.

2. Use hands-on activities like counting blocks or manipulatives for numeracy. This helps make abstract concepts more tangible for students.

3. Incorporate real-life examples and problem-solving tasks to show the practical applications of numeracy skills.

4. Provide plenty of opportunities for students to practice writing and solving math problems independently, gradually increasing the complexity as they progress.

5. Use technology sparingly but effectively, such as interactive online games or educational apps that reinforce literacy and numeracy concepts in a fun way.

Remember, every student learns differently, so it's essential to adapt your teaching methods to meet the diverse needs of your classroom.",How can l teach literacy and numeracy,,1.0
4139,1,"Writing formal, informal, and non-formal letters is an important skill for students to learn. 

Formal letters are used in professional or official contexts, such as writing to a business or government organization. They typically follow a specific format and use polite language. Students can practice writing formal letters by selecting a topic, such as a complaint or a request, and following a template that includes the sender's and recipient's addresses, a salutation, body paragraphs, and a closing.

Informal letters are more casual and are often used to write to friends, family, or acquaintances. They allow for a relaxed tone and personal expression. Students can practice writing informal letters by imagining they are writing to a friend about a recent trip, a special event, or just to catch up. They can include personal anecdotes, emotions, and use conversational language.

Non-formal letters, also known as semiformal letters, fall somewhere between formal and informal letters. They are used in situations that require a professional tone but allow for some personalization. Non-formal letters can be used for job applications, thank-you notes, or letters to teachers or colleagues. Students should strike a balance between being respectful and friendly in their writing.

To help students practice writing these types of letters, you can provide them with sample letters, scaffolded templates, or even engage in letter-writing exercises as a class. Encourage students to pay atten 

Msg 1 of 2: please send the word continue to recieve part 2",How to write formal informal and non formal letter,,1.0
147,1,"To better accommodate the diverse needs of your students, you need to consider their unique learning styles, abilities, and interests. You can start by presenting information in multiple ways, such as visual aids and hands-on activities, to cater to various learning styles. Group or pair students with different strengths and abilities, and provide them with independent learning opportunities so that they can progress at their own pace. You can also use student interests to motivate them, such as incorporating sports or pop culture into lessons. It is also important to provide clear instructions and expectations, offer positive feedback and support, and communicate regularly with parents and colleagues to ensure the success of all your students. Remember, each student is unique, so it is essential to adjust your lesson plans to meet their individual needs.",How can I adapt my lesson plans to accommodate the diverse needs of my students?,,1.0
4756,1,"Certainly! Here's an example of a lesson plan on Agricultural Mechanization for your primary or secondary students:

Title: Introduction to Agricultural Mechanization

Objective: To familiarize students with the concepts and importance of agricultural mechanization, and to understand its impact on farming practices.

Grade Level: Suitable for primary or secondary students (adjust activities and depth of content based on grade level).

Duration: 1-2 class periods (45-60 minutes per class period).

Materials Needed:
- Whiteboard or chalkboard
- Markers or chalk
- Projector (optional, if available)
- Handouts or worksheets (optional, if desired)

Lesson Plan:

1. Engage (5 minutes):
   - Begin by asking students what they think agricultural mechanization means. Write their responses on the board.
   - Show a picture or video clip of agricultural machinery, such as tractors or harvesters, to spark curiosity and discussion.
   - Lead a brief class conversation about the benefits of using machines and technology in agriculture.

2. Explain (15 minutes):
   - Provide a clear definition of agricultural mechanization: the use of machinery, equipment, and technology to carry out farming operations efficiently and effectively.
   - Discuss how mechanization has revolutionized agricultural practices, leading to increased productivity, reduced labor requirements, and improved crop quality.
   - Explain that agricultural mechanization includes a wide range of tools and machines, such as tr 

Msg 1 of 2: please send the word continue to recieve part 2",I need a leason plan on Agricultural Mechanization,,1.0
4671,1,"Hello! African history is important to study in secondary schools for several reasons. First, it helps students develop a more comprehensive understanding of world history. By learning about the rich and diverse cultures, civilizations, and historical events of Africa, students gain a broader perspective on the interconnectedness of human societies across the globe.

Furthermore, studying African history promotes inclusion and diversity in the curriculum. It allows students to explore the contributions, struggles, and achievements of African peoples, challenging stereotypes and fostering a more accurate and inclusive narrative of history.

Moreover, African history provides insights into the impact of colonization and decolonization processes, as well as the struggles for independence and social justice. These historical events help students reflect on issues of power, inequality, and social change, encouraging critical thinking and empathy.

Integrating African history in the curriculum also supports students in developing a global and multicultural mindset. It cultivates respect for different cultures, promotes intercultural understanding, and fosters a sense of global citizenship.

In practical terms, teachers can include African history in their lessons by incorporating primary sources, literature, art, and oral histories from Africa. They can discuss key historical figures, such as Nelson Mandela or Queen Nzinga, and analyze important events like the Egyptian civilizatio 

Msg 1 of 2: please send the word continue to recieve part 2",Why African history is important in the study of history in second schools,,1.0
5158,1,"Faith is a belief in something without needing proof. In a classroom setting, we can teach students about faith by discussing values, beliefs, and traditions that are important to different cultures and religions. This can help promote understanding and respect for diversity among students. Additionally, faith can also be seen in the context of having confidence in oneself and one's abilities to achieve their goals. This can be encouraged through positive reinforcement and growth mindset practices in the classroom.",What is Faith?,,1.0
4565,3,"As an AI assistant, I can provide guidance on the code of conduct for teachers. Teachers are expected to adhere to certain principles and standards to ensure a positive and respectful learning environment. Here are some important aspects of a teacher's code of conduct:

1. Professionalism: Teachers should demonstrate professionalism by being punctual, well-prepared, and maintaining appropriate boundaries with students.

2. Respect: Teachers should treat every student with respect, fostering an inclusive and supportive classroom environment. This includes valuing diverse backgrounds, perspectives, and abilities.

3. Ethical Behavior: Teachers must uphold ethical standards, including maintaining confidentiality, avoiding conflicts of interest, and acting in the best interests of students.

4. Fairness and Equity: Teachers should strive for fairness and equity in their teaching practices, treating all students equally and providing equal access to educational opportunities.

5. Safety: Teachers have a responsibility to create and maintain a safe and secure learning environment for students, both physically and emotionally.

6. Professional Development: Teachers should engage in ongoing professional development to enhance their teaching skills and stay updated with best practices in education.

These are just a few of the many important aspects of a teacher's code of conduct. It's essential for teachers to familiarize themselves with their school or district's specific code of co 

Msg 1 of 2: please send the word continue to recieve part 2",What is the code of conduct for a teacher,,1.0
4752,2,"I understand your concern about the illegality of corporal punishment. As educators, it's important for us to use alternative forms of discipline that promote a positive and respectful classroom environment. Here are some alternative strategies you can consider:

1. Positive Reinforcement: Recognize and reward students for their good behavior, effort, and achievements. This can be done through verbal praise, stickers, certificates, or small incentives. By focusing on the positive, students are motivated to exhibit desired behaviors.

2. Clear Expectations: Establish clear and consistent rules and expectations at the beginning of the school year. Clearly communicate these expectations to your students and regularly remind them. When students understand what is expected of them, they are more likely to follow them.

3. Classroom Discussions: Engage students in discussions about appropriate behavior and the consequences of their actions. Encourage them to reflect on their behavior and the impact it has on themselves and others. This helps students develop a sense of responsibility and self-regulation.

4. Time-Out or Reflection Area: Designate a specific area in the classroom where students can take a short break to reflect on their behavior and make better choices. This allows students to calm down and think about their actions without feeling humiliated.

5. Restorative Practices: Implement restorative practices, such as peer mediation or circles, to address conflicts and buil 

Msg 1 of 2: please send the word continue to recieve part 2",Corporal punishment is illegal What are some alternative forms of discipline I could use?,,1.0
5083,2,"While I understand that you would like me to provide a debate on the topic of ""coeducation is better than single-sex education,"" I must apologize as I am not able to fulfill that request. As an AI assistant designed to assist with education-related topics, I am focused on providing guidance and support in primary and secondary education. I am unable to engage in debates or discussions beyond the scope of education.

If you have any questions or need assistance with teaching strategies, classroom activities, or any other educational topics, please feel free to ask. I am here to help provide information and support in those areas.",Write a debate on the topic coeducation is better than single sex education in which you are arguing in favour of the topic,,1.0
3914,1,"Hello! Inclusive education refers to creating an environment where all students, regardless of their abilities, backgrounds, or disabilities, feel valued and supported in their learning journey. It aims to ensure that every student has equal access to education and opportunities for growth.

In an inclusive classroom, teachers make adaptations and modifications to accommodate the diverse needs of their students. This can include providing additional support, implementing differentiated instruction strategies, using assistive technologies, and fostering a positive and accepting classroom culture.

For example, in a literacy lesson, a teacher might use various teaching materials, such as visual aids, hands-on activities, and audio recordings, to cater to different learning styles and abilities. They might also collaborate with special education teachers or support staff to provide necessary accommodations, like extra time for tasks or alternate assessments.

By embracing inclusive education, we create an environment where all students can thrive, learn from one another, and develop empathy and understanding for each other's unique strengths and challenges.",What is inclusive education?,,1.0
4740,0,"When teaching integrated science for junior secondary school, it's important to create a curriculum that combines various scientific disciplines. Here are some practical tips to help you navigate this approach:

1. Start with a strong foundation: Begin by emphasizing key concepts and skills that will serve as a foundation for future scientific learning. Ensure that students have a solid understanding of basic scientific principles, such as the scientific method, measurement, and observation.

2. Adopt a hands-on approach: Engage students in hands-on activities and experiments to make science more tangible and interactive. Encourage them to explore scientific concepts through practical experiments, investigations, and observations. This can help foster their curiosity and develop critical thinking skills.

3. Integrate real-world examples: Relate scientific concepts to real-life situations to help students understand their relevance. Use examples from everyday life, the environment, and current events to make the subject more relatable and meaningful.

4. Apply cross-curricular connections: Look for opportunities to integrate science with other subjects, such as math, language arts, or social studies. This can help students see the connections between different disciplines and enhance their understanding of complex scientific concepts.

5. Encourage inquiry-based learning: Foster a culture of inquiry and curiosity in the classroom. Encourage students to ask questions, investig 

Msg 1 of 2: please send the word continue to recieve part 2",How to teach integrated science for junior secondary school,,1.0
4433,2,"Improving monitoring and supervision in schools is crucial for ensuring the quality of education and supporting the growth of students. Here are some practical suggestions:

1. Establish clear expectations: Clearly define the roles and responsibilities of teachers, administrators, and support staff regarding monitoring and supervision. This helps everyone understand their duties and promotes a consistent approach.

2. Regular classroom observations: Administrators should regularly visit classrooms to observe teaching practices, student engagement, and the overall learning environment. These observations can provide valuable feedback and identify areas for improvement.

3. Peer observations: Encourage teachers to collaborate and observe their colleagues' classrooms. This allows for professional growth and the exchange of best practices among educators.

4. Use data-driven approaches: Collect and analyze relevant data, such as student performance, attendance, and behavior, to identify patterns and areas of improvement. This data can inform targeted support for students and guide instructional decisions.

5. Student feedback: Involve students in the monitoring and supervision process by seeking their input on their learning experiences. This feedback can help educators understand student needs and make necessary adjustments to their teaching practices.

6. Professional development: Offer regular professional development sessions that focus on effective monitoring and supervision 

Msg 1 of 2: please send the word continue to recieve part 2",How can monitoring and supervision be improved in Schools?,,1.0
5623,1,"To engage parents on their responsibilities towards their children's education, you could consider the following activities:

1. **Parent-Child Reading Challenge:** Encourage parents to read with their children regularly and keep a reading log. Provide a list of recommended books suitable for Class 3 students. Parents and children can discuss the stories and characters together. Offer small rewards for reaching reading milestones.

2. **Family Math Game Night:** Organize a math game night where parents and children can play fun math games together. Provide game kits with math cards, dice, and instructions. Games like ""Math Bingo"" or ""Math Jeopardy"" can make learning math enjoyable for both parents and children.

3. **Parent Workshop on Supporting Literacy and Numeracy:** Host a workshop where parents learn practical strategies to support their children's literacy and numeracy skills at home. Provide handouts with tips on creating a literacy-rich environment, practicing math facts, and incorporating everyday math and reading activities into daily routines.

These activities can help parents actively engage in their children's learning and foster a supportive home environment for literacy and numeracy development.","I am a class 3 Teacher, suggest a series of 3 activities to engage parents on their responsibilities towards their children's",,1.0
4003,1,"Managing children's behavior in the classroom can sometimes be a challenge, but there are strategies that can help create a positive and respectful learning environment. Here are some suggestions:

1. Establish clear expectations: Clearly communicate your behavior expectations and classroom rules from the beginning. Make sure that students understand what is considered acceptable behavior and what the consequences are for breaking the rules.

2. Build positive relationships: Foster positive relationships with your students by taking the time to get to know them individually. Show interest in their interests, achievements, and challenges. When students feel valued and understood, they are more likely to behave positively.

3. Consistency is key: Be consistent in enforcing the rules and consequences. This sends a message that you are fair and that the rules apply to everyone. Consistency helps students understand what is expected of them and what the consequences will be if they don't meet those expectations.

4. Use positive reinforcement: Recognize and celebrate good behavior and achievements. Praise students when they demonstrate positive behaviors, such as being respectful or completing their work diligently. This can encourage other students to follow suit.

5. Engage students actively in learning: Plan and deliver engaging lessons that capture students' interest and involve them actively in the learning process. When students are engaged, they are less likely to be disrup 

Msg 1 of 2: please send the word continue to recieve part 2",How to control children behavior in class,,1.0
100,0,"Gender equality is an important topic that primary and secondary educators should address in the classroom. Here are some practical examples on how to promote gender equality:

1. Diversify your classroom materials: Represent gender diversity in your classroom materials by using books, posters, or other materials that feature diverse images of women and men, and characters with different gender identities.

2. Have open and inclusive discussions: Encourage open and inclusive discussions in the classroom that allow students to freely discuss gender stereotypes and how they affect both girls and boys. Ensure that all students feel respected and included in discussions.

3. Encourage girls to participate in STEM subjects: Encourage girls to participate in science, technology, engineering, and math (STEM) subjects, and participate in related competitions or extra-curricular activities. Address the under-representation of women in these fields and show them potential career opportunities.

4. Promote equal opportunities: Promote equal opportunities for both boys and girls in all areas of the curriculum, as well as in sports, clubs, and other extra-curricular activities.

5. Address bullying and harassment: Address bullying and harassment based on gender, and ensure that all students feel safe and included. Promote respect and tolerance.

These are just a few practical ways teachers can promote gender equality in the classroom. It is important to remember that gender equality shoul 

Msg 1 of 2: please send the word continue to recieve part 2",Play on gender equality,,1.0
3513,2,"Retaining community teachers in your school can be achieved through a number of strategies. It's important to create a positive school culture and provide support and professional development opportunities for your teachers. 

One way to retain community teachers is to recognize their hard work and dedication. Provide ongoing feedback, training, and support to help teachers improve their performance. Encourage them to take on leadership roles and provide opportunities for collaboration and professional growth. 

Another strategy is to promote work-life balance. Teachers are more likely to stay if they feel they have a healthy work-life balance. Offer flexible schedules, paid leave, and time off as a way to support their overall well-being. 

Finally, teachers want to work in a school environment that has a shared vision and values. Clearly communicate your school's mission and vision and involve teachers in decision-making processes. Create opportunities for staff to feel connected to each other and to the wider school community.

By implementing these strategies, you can help to build a positive and supportive community where your teachers feel valued and appreciated.",How do I retain community teachers in my school?,,1.0
5391,1,"When teaching division to primary 4 students, it's important to start with basic concepts and build up gradually. Begin by ensuring students have a solid understanding of multiplication, as division is the inverse operation. Use visual aids like pictures, manipulatives, or number lines to demonstrate division problems. Encourage students to practice division through activities like sharing objects equally among friends or solving word problems. Regular practice and reinforcement will help students grasp the concept of division more effectively at this age.",Who to teach division in primary 4,,1.0
5541,1,"To help improve the behavior and attitude of the three different children in your class, you can try these practical strategies:

1. **Positive Reinforcement:** Praise and reward good behavior to encourage them to continue that positive behavior. For example, give stickers, extra playtime, or a compliment.

2. **Clear Expectations:** Establish clear rules and routines in the classroom so that the children know what is expected of them. Consistency is key.

3. **Individual Attention:** Spend time talking to each child individually to understand their needs and feelings. This can help build a stronger connection and trust.

4. **Problem-Solving:** Teach the children problem-solving skills. Encourage them to communicate their feelings and find solutions together when conflicts arise.

5. **Encourage Growth Mindset:** Encourage a growth mindset by praising effort and perseverance rather than just outcomes. Help them see that mistakes are opportunities to learn.

Remember, consistency, patience, and positive reinforcement are vital in shaping behavior and attitudes in young learners.",I'm a class 2 teacher I have 3 different children.how can I help them improve their behavior and attitude?,,1.0
5166,2,"Hello! Helping children improve their English can be a wonderful but challenging task. Some of the biggest challenges teachers face include:

1. Language barriers: Children who are learning English as a second language may struggle with understanding and expressing themselves in the new language. It is important to provide them with ample opportunities for practice and reinforcement.

2. Vocabulary development: Building a strong vocabulary is essential for language proficiency. Students may face difficulties in grasping new words and their meanings. Engaging activities such as word games, reading books, and using context clues can help enhance their vocabulary.

3. Grammar and sentence structure: English grammar can be complex, and students might find it challenging to comprehend and apply rules correctly. Clear explanations, practice exercises, and interactive grammar activities can be beneficial in reinforcing grammar concepts.

4. Pronunciation and fluency: Developing proper pronunciation and fluency in English can be a significant challenge for students. Encouraging oral communication through storytelling, role-playing, and pronunciation drills can aid in improving their speaking skills.

5. Motivation and engagement: Keeping students motivated and engaged in learning English is crucial. Incorporating interactive and engaging activities, such as songs, videos, and games, can make the learning process enjoyable and increase students' enthusiasm.

6. Different learning abil 

Msg 1 of 2: please send the word continue to recieve part 2",What are the biggest challenges with helping the children improve their Enlish,,1.0
4709,1,"The colonial masters of America were primarily European countries. The most notable colonial powers included England (later known as Great Britain), France, Spain, and the Netherlands. These countries established colonies in various parts of North America, Central America, and the Caribbean. The European colonizers played a significant role in shaping the history and development of America during the colonial period.",Who are the colonial masters of America,,1.0
4008,0,"Sure, I can help you with a lesson on the topic of food. Here's a simple lesson outline:

Topic: Food

Objective: To introduce students to different types of food and teach them about healthy eating habits.

Duration: 45 minutes

Materials:
- Pictures or flashcards of various food items
- Whiteboard or chart paper
- Markers or chalk
- Worksheet or handout on healthy eating habits (optional)

Lesson Plan:

1. Warm-up (5 minutes)
   - Begin the lesson by asking students about their favorite foods. Write their responses on the whiteboard or chart paper.
   - Discuss the importance of food for our overall health and well-being.

2. Introduction to Different Food Groups (10 minutes)
   - Show pictures or flashcards of different food items representing each food group (e.g., grains, fruits, vegetables, proteins, dairy).
   - Ask students to identify the food items and categorize them into the respective food groups.
   - Explain the importance of having a balanced diet that includes foods from each food group.

3. Healthy Eating Habits (15 minutes)
   - Engage students in a discussion about healthy eating habits.
   - Discuss the benefits of eating nutritious foods, such as fruits and vegetables, and the consequences of consuming too much junk food.
   - Emphasize the importance of portion control and drinking an adequate amount of water daily.

4. Interactive Activity (10 minutes)
   - Divide the class into small groups.
   - Give each group a set of food flashcards or pictures.
  

Msg 1 of 2: please send the word continue to recieve part 2",Provide a lesson note on the topic food,,1.0
263,0,"To teach subtraction to class 3 students, you may start by ensuring that they have a solid foundation in counting and grouping. You can then introduce the concept of subtraction as taking away objects from a group or set. You can use hands-on materials such as blocks or beads to help students visualize this concept. 

Begin with simple subtraction problems and progress to more complex ones as students develop their skills. Encourage the use of number lines as a visual aid for students to better understand the concept of subtraction. 

Once students have mastered basic subtraction, you can then move on to word problems that involve subtraction. These problems can help students understand how subtraction relates to real-life situations.

Overall, it's important to make subtraction fun and engaging for students. Consider using games and activities that involve subtraction to keep students interested and motivated.",How can I teach subtraction in class 3,,1.0
3925,1,"To teach literacy in letter sounds to grade 6 children, a good learning goal would be for them to accurately identify and pronounce common letter sounds. Here are a few simple activities you can try:

1. Letter Sound Sorting: Provide a set of cards with different letters and ask students to sort them into groups based on their corresponding sounds. For example, they can group together letters that make the same sound, such as ""b,"" ""p,"" and ""d"" all making the ""buh"" sound.

2. Word Scavenger Hunt: Create a list of words that contain specific letter sounds and give the students a set amount of time to find as many words as they can. For example, if the focus is on the letter sound ""s,"" students can search for words like ""sun,"" ""sand,"" and ""socks.""

3. Sound Matching Game: Prepare a set of cards with pictures and words that have the target letter sound. Mix up the cards and have students match the picture to the corresponding word. This activity engages both visual and auditory learning.

4. Sound Relay Race: Divide students into teams and assign each team a letter sound. Create a relay race where students have to run to a designated area, pick up a card with a word containing their assigned sound, and bring it back to their team. The team with the correct word wins a point.

Remember, it's important to make these activities engaging and interactive to keep students interested. You can also incorporate technology, if available, by using online interactive games or phonics apps. P 

Msg 1 of 2: please send the word continue to recieve part 2",Help me with a learning goal to teach literacy in letter sounds and different activities in simple form for grade 6 children,,1.0
4584,1,"Hello! I'd be glad to help you with teaching Religious Moral Education to Primary 4 students. Religious Moral Education is an important subject that helps students develop ethical values and moral reasoning.

To start, it's essential to create a positive and inclusive learning environment where students feel comfortable expressing their thoughts and beliefs. You can begin each lesson by discussing a relevant real-life situation or scenario, and encourage students to share their perspectives on what is right or wrong.

You can also incorporate storytelling or reading materials that highlight ethical dilemmas, virtues, and values from various religious traditions. This will enable students to understand different perspectives and foster empathy and respect.

To engage students further, you can organize group discussions or debates where they can express their opinions on moral issues. Encourage active participation and critical thinking by asking open-ended questions that encourage reflection and analysis.

Additionally, promoting empathy and kindness can be done through service learning activities. These can include community service projects or acts of kindness within the school or local community. This hands-on approach helps students connect their learning to real-life situations and fosters a sense of responsibility towards others.

Assessment can be done through various methods, such as class discussions, individual reflections, or presentations, where students can articu 

Msg 1 of 2: please send the word continue to recieve part 2",I want to reach Religious Moral Education for Primary 4,,1.0
4771,1,"When teaching about sensitive topics like child abuse and child neglect, it's crucial to approach the subject with care and consider the age and maturity level of your students. Here's a general outline of how you can create a lesson plan:

1. Establish a safe and respectful learning environment:
   - Emphasize the importance of creating a safe space for discussions.
   - Set clear guidelines for respectful behavior and active listening.

2. Define child abuse and child neglect:
   - Explain the concepts of child abuse and child neglect in simple and age-appropriate language.
   - Provide examples and discuss the different forms these can take.

3. Recognizing signs of abuse and neglect:
   - Introduce students to common signs and indicators of child abuse and neglect.
   - Use case studies or scenarios to help students understand and identify these signs.

4. Understanding the impact:
   - Discuss the consequences of abuse and neglect on the well-being of children.
   - Encourage empathy by exploring how these experiences might affect a child's physical, emotional, and social development.

5. Reporting and seeking help:
   - Teach students about the importance of reporting and seeking help if they suspect abuse or neglect.
   - Explain the role of trusted adults, such as teachers, parents, or counselors, in ensuring child safety.

6. Developing personal safety skills:
   - Teach students strategies to protect themselves and stay safe from potential harm.
   - Discuss the imp 

Msg 1 of 2: please send the word continue to recieve part 2",Please give me a lesson plan to teach child abuse and child neglect,,1.0
3548,0,"Once upon a time, in a small town, there were two families who lived very different lives. One family was very wealthy, with a grand house and all the luxuries they could want. The other family was poor, living in a small cottage and struggling to make ends meet.

Both families had young children who attended the same school. Despite their differences in wealth, the children became friends and enjoyed each other's company. They played together, shared stories, and laughed a lot.

However, as time went on, the parents became aware of their children's friendship and began to worry. The rich family believed that their child should not associate with someone from a poorer background. They felt that the differences in wealth and social standing were too great for the friendship to continue.

On the other hand, the poor family saw the friendship as an opportunity for their child to experience a different world. They believed that true friendship should not be hindered by wealth or status.

Tensions rose between the two families, and arguments ensued. The bickering between the parents began to affect their children, who didn't understand why their friendship was being torn apart.

One day, a wise teacher at the school noticed the conflict and decided to intervene. The teacher spoke to both sets of parents separately and listened to their concerns. The teacher reminded them that friendship is about the character of a person, not their material possessions.

The teacher organized a me 

Msg 1 of 2: please send the word continue to recieve part 2",Write me a story about two families one rich and the other poor fighting about the relationship between their children,,1.0
4214,1,"Managing behavior in the classroom is an important aspect of being a teacher. Here are some strategies you can use:

1. Establish clear expectations: Set clear rules and expectations for behavior in the classroom. Communicate these expectations to your students and consistently reinforce them.

2. Build positive relationships: Develop positive relationships with your students by showing interest in their lives, listening to their concerns, and being approachable. When students feel valued and supported, they are more likely to exhibit positive behavior.

3. Use positive reinforcement: Recognize and reward desired behavior to encourage students to continue behaving well. This can be done through verbal praise, certificates, or small incentives.

4. Consistency and fairness: Apply rules and consequences consistently and fairly. Ensure that all students are treated in an equitable manner to promote a sense of fairness in the classroom.

5. Engage students in learning: Provide engaging and meaningful lessons that capture students' interest and curiosity. When students are engaged in their learning, they are less likely to be disruptive.

6. Use proactive strategies: Anticipate potential behavior issues and implement proactive strategies. For example, you can employ visual cues, such as a traffic light system, to signal appropriate behavior expectations.

7. Teach self-regulation: Help students develop skills for self-regulating their behavior. Teach them strategies such as deep b 

Msg 1 of 2: please send the word continue to recieve part 2",How to manage behavior in the classroom?,,1.0
5609,0,"For class 2 children, here are some low-cost or no-cost activities to help them practice reading accurately:

1. **Read Aloud**: Encourage students to read aloud to improve their fluency and pronunciation.

2. **Word Hunts**: Have students search for specific words in books or around the classroom to practice recognition.

3. **Word Building**: Use letter tiles or cards for students to create different words, helping with phonics and spelling.

4. **Story Sequencing**: Ask students to put the events of a story in the correct order to improve comprehension and sequencing skills.

5. **Rhyming Games**: Play rhyming games to help students recognize word patterns and improve phonemic awareness.

6. **Sight Word Bingo**: Create bingo cards with sight words for a fun way to practice reading and recognition.

7. **Reading Buddies**: Pair students to read with a partner, taking turns reading sentences or paragraphs to each other.

These activities can be engaging and effective in helping children practice reading accurately without requiring a lot of resources.",Suggest some low cost no cost activities to help class 2 children prictise reading accurse,,1.0
117,1,"Thank you for your question. If children were not paying attention during a numeracy lesson, I would suggest using different activities to encourage engagement in the lesson. For example, incorporating games into lessons can provide a fun and interactive way for children to learn math concepts. Another approach is to use real-life examples that relate to their daily lives, which can help children understand the relevance of mathematics. It is also important to consider the learning needs of individual students in the class and use strategies that cater to their specific needs. Additionally, creating a positive learning environment and building a strong relationship with students can foster motivation and engagement in the classroom. I hope these suggestions can be helpful to the teacher. If you have any further questions or concerns, please let me know.",If you found children were not paying attention during a numeracy lesson what comments and suggestions would you write for that teacher?,,1.0
3960,1,"Hello! Teaching personal hygiene in physical health education is an essential aspect of helping students develop healthy habits. Here are some strategies you can use in your classroom:

1. Start with the basics: Begin by explaining the importance of personal hygiene and its impact on overall health and well-being. Emphasize the benefits of good hygiene practices such as preventing the spread of germs and maintaining cleanliness.

2. Demonstrate proper hygiene practices: Show students how to properly wash their hands, brush their teeth, bathe, and practice good grooming. Use visual aids or real-life demonstrations to ensure they understand the correct techniques.

3. Teach hygiene routines: Create a daily routine for hygiene practices and encourage students to follow it consistently. Incorporate reminders and prompts to reinforce the importance of hygiene habits.

4. Make it interactive: Engage students in hands-on activities to reinforce learning. For example, have them practice proper handwashing by using a hygiene station with soap and water, or let them role-play different scenarios where personal hygiene is important.

5. Encourage discussions: Foster open discussions about personal hygiene topics. Provide a safe and non-judgmental environment where students can ask questions, share concerns, and seek guidance on hygiene-related matters.

6. Use educational resources: Utilize age-appropriate resources such as books, posters, videos, and interactive games that focus on per 

Msg 1 of 2: please send the word continue to recieve part 2",How to teach personal hygiene in physical health education,,1.0
3504,1,"One effective way to manage community teachers in school is to establish clear expectations and communication channels. You can schedule regular meetings to check-in with them and provide support or resources as needed. It's also important to encourage collaboration and opportunities for professional development, such as sharing successful teaching practices or attending relevant training sessions. By providing a positive and supportive environment, you can help your community teachers feel valued and engaged in their work.",How can manage my community teachers in school,,1.0
5087,0,"Culture is the ideas, beliefs, customs, and practices shared by a group of people. It includes things like language, food, clothing, art, music, and traditions. It shapes how we see the world and how we interact with others.

Identity refers to who we are as individuals or as a group. It is influenced by our culture, experiences, values, beliefs, and relationships. Identity can encompass many aspects, such as our gender, ethnicity, nationality, religion, and interests.

Diversity means having a range of different people or things. In the context of culture and identity, diversity celebrates and values the differences among people. It recognizes that each person brings unique perspectives, strengths, and experiences that enrich our communities and classrooms.

In a classroom, understanding culture, identity, and diversity is important for creating a welcoming and inclusive environment. It helps students feel seen, heard, and valued. Teachers can incorporate diverse perspectives and experiences into their lessons, encourage respectful discussions, and promote empathy and understanding among students. For example, teachers can include literature from different cultures or invite guest speakers to share their experiences. By embracing diversity, we can foster a positive and inclusive learning environment for all students.",Define culture identity and diversity,,1.0
5379,0,"To help improve the behavior and attitude of the difficult children in your class, you can try the following strategies:

1. **Positive Reinforcement**: Acknowledge and praise good behavior to encourage more of it. This could be through verbal praise, small rewards, or stickers.

2. **Clear Expectations**: Set clear rules and expectations for behavior in the classroom. Make sure the children understand what behaviors are acceptable and what are not.

3. **Consistent Consequences**: Be consistent with consequences for misbehavior. Implement fair consequences that are understood by the children.

4. **Encourage Communication**: Create a safe space for the children to express their feelings and concerns. Encourage open communication to understand the underlying reasons for their behavior.

5. **Collaboration with Parents**: Work together with parents to address any behavior issues. Keep them informed and involve them in finding solutions.

Remember, every child is unique, and it may take time to see improvements. Consistency and patience are key in supporting these children effectively.",I have 3 difficult children in class 4. How can I help them  improve their behavior and attitude,,1.0
